<?xml version="1.0" encoding="UTF-8"?>
<project-private xmlns="http://www.netbeans.org/ns/project-private/1">
    <editor-bookmarks xmlns="http://www.netbeans.org/ns/editor-bookmarks/2" lastBookmarkId="0"/>
    <open-files xmlns="http://www.netbeans.org/ns/projectui-open-files/2">
        <group>
            <file>file:/home/deiber/Desktop/Intento%20de%20separar%20menuclickderecho/org.TEC.Proyecto%231/src/GUI/ControladorVentanaNuevoStore.java</file>
            <file>file:/home/deiber/Desktop/Intento%20de%20separar%20menuclickderecho/org.TEC.Proyecto%231/src/GUI/ControladorVentanaPrincipal.java</file>
            <file>file:/home/deiber/Desktop/Intento%20de%20separar%20menuclickderecho/org.TEC.Proyecto%231/src/GUI/OpcionesClickDerecho.java</file>
        </group>
    </open-files>
</project-private>
